"","X16.7608077301903","structure.c.1.00798588303949..1.01357235569628..1.01729404373536..","structure.c.1.00798588303949..1.00554221319047..1.00367185235288..","X1446.17475014851"
"1",16.7608077301903,1.00798588303949,1.00798588303949,1446.17475014851
"2",16.7608077301903,1.01357235569628,1.00554221319047,1446.17475014851
"3",16.7608077301903,1.01729404373536,1.00367185235288,1446.17475014851
"4",16.7608077301903,1.0303138528911,1.01279847182426,1446.17475014851
"5",16.7608077301903,1.03225472856764,1.00188377131016,1446.17475014851
"6",16.7608077301903,1.02975168606383,0.997575169738118,1446.17475014851
"7",16.7608077301903,1.02634601301913,0.996692723992784,1446.17475014851
"8",16.7608077301903,1.02417786492736,0.997887507658958,1446.17475014851
"9",16.7608077301903,1.01960386669565,0.995533980582524,1446.17475014851
"10",16.7608077301903,1.01960386669565,1,1446.17475014851
"11",16.7608077301903,1.03742979404806,1.01748318924111,1446.17475014851
"12",16.7608077301903,1.05026828631899,1.01237528779739,1446.17475014851
"13",16.7608077301903,1.05355255178365,1.00312707287027,1446.17475014851
"14",16.7608077301903,1.027304945886,0.975086571758369,1446.17475014851
"15",16.7608077301903,1.04473578841263,1.01696754463845,1446.17475014851
"16",16.7608077301903,1.0471361003906,1.00229753015508,1446.17475014851
"17",16.7608077301903,1.04867558193119,1.00147018285399,1446.17475014851
"18",16.7608077301903,1.0505377161421,1.00177570093458,1446.17475014851
"19",16.7608077301903,1.05602611171108,1.00522436794477,1446.17475014851
"20",16.7608077301903,1.05344196208323,0.997552949118218,1446.17475014851
"21",16.7608077301903,1.05602611171108,1.00245305362883,1446.17475014851
"22",16.7608077301903,1.06828939881767,1.0116126741286,1446.17475014851
"23",16.7608077301903,1.05397614256068,0.986601705237515,1446.17475014851
"24",16.7608077301903,1.06538671048584,1.01082621082621,1446.17475014851
"25",16.7608077301903,1.04215655156934,0.978195561585425,1446.17475014851
"26",16.7608077301903,1.0451506609408,1.00287299385774,1446.17475014851
"27",16.7608077301903,1.0394721776501,0.994566828015411,1446.17475014851
"28",16.7608077301903,1.03503263616828,0.995729042510926,1446.17475014851
"29",16.7608077301903,1.02774367394175,0.992957746478873,1446.17475014851
"30",16.7608077301903,1.02424896602491,0.99659963081706,1446.17475014851
"31",16.7608077301903,1.02085869613548,0.996689994325705,1446.17475014851
"32",16.7608077301903,1.01774605092555,0.996950953915846,1446.17475014851
"33",16.7608077301903,1.01543380019818,0.997728067109402,1446.17475014851
"34",16.7608077301903,1.00629660294533,0.991001681004647,1446.17475014851
"35",16.7608077301903,0.997268599755757,0.991028486866445,1446.17475014851
"36",16.7608077301903,0.958457493260362,0.9610825944937,1446.17475014851
"37",16.7608077301903,0.992899193528489,1.03593450988731,1446.17475014851
"38",16.7608077301903,0.999771147606697,1.00692109946609,1446.17475014851
"39",16.7608077301903,1.00392576398993,1.00415556739478,1446.17475014851
"40",16.7608077301903,1.00476666087109,1.00083760862737,1446.17475014851
"41",16.7608077301903,1.03682585446515,1.03190710325348,1446.17475014851
"42",16.7608077301903,1.03898934243651,1.002086645469,1446.17475014851
"43",16.7608077301903,1.04745447609523,1.00814746919238,1446.17475014851
"44",16.7608077301903,1.04396503438157,0.996668645947587,1446.17475014851
"45",16.7608077301903,1.05884104025465,1.01424952501583,1446.17475014851
"46",16.7608077301903,1.06446320507016,1.00530973451327,1446.17475014851
"47",16.7608077301903,1.03218615288961,0.969677625279285,1446.17475014851
"48",16.7608077301903,1.02908152239164,0.996992179667135,1446.17475014851
"49",16.7608077301903,1.00145031095977,0.973149637972647,1446.17475014851
"50",16.7608077301903,1.02939033557802,1.02789956157832,1446.17475014851
"51",16.7608077301903,1.02275892672066,0.993557925863344,1446.17475014851
"52",16.7608077301903,0.975911883172504,0.954195419541954,1446.17475014851
"53",16.7608077301903,0.979696469660019,1.00387800020962,1446.17475014851
"54",16.7608077301903,1.04106814243054,1.0626435581541,1446.17475014851
"55",16.7608077301903,1.04838217499193,1.00702550799827,1446.17475014851
"56",16.7608077301903,1.04579413270097,0.997531394225609,1446.17475014851
"57",16.7608077301903,1.05150645359388,1.00546218487395,1446.17475014851
"58",16.7608077301903,1.0538710801889,1.00224879893693,1446.17475014851
"59",16.7608077301903,1.01069292631033,0.959028998242531,1446.17475014851
"60",16.7608077301903,1.00722015253994,0.996563967472225,1446.17475014851
"61",16.7608077301903,1.01648088259432,1.00919434547753,1446.17475014851
"62",16.7608077301903,1.02875183266954,1.01207199297629,1446.17475014851
"63",16.7608077301903,1.02486975028211,0.99622641509434,1446.17475014851
"64",16.7608077301903,1.02958364525199,1.00459950639444,1446.17475014851
"65",16.7608077301903,1.05246328181315,1.02222222222222,1446.17475014851
"66",16.7608077301903,1.07287952316145,1.01939853076217,1446.17475014851
"67",16.7608077301903,1.07287952316145,1,1446.17475014851
"68",16.7608077301903,1.06176429185062,0.989639814097599,1446.17475014851
"69",16.7608077301903,1.05849315996241,0.99691915436099,1446.17475014851
"70",16.7608077301903,1.06571220964673,1.00682011935209,1446.17475014851
"71",16.7608077301903,1.06113880484391,0.995708593031572,1446.17475014851
"72",16.7608077301903,1.04828971515981,0.987891226269882,1446.17475014851
"73",16.7608077301903,1.04937862106524,1.0010387451958,1446.17475014851
"74",16.7608077301903,1.00925387725229,0.961763330215154,1446.17475014851
"75",16.7608077301903,1.00360941787799,0.994407294832827,1446.17475014851
"76",16.7608077301903,1.02078820727803,1.01711700696907,1446.17475014851
"77",16.7608077301903,1.017268615716,0.996552084421691,1446.17475014851
"78",16.7608077301903,1.02244808972141,1.00509154998531,1446.17475014851
"79",16.7608077301903,1.04489974469678,1.02195872357831,1446.17475014851
"80",16.7608077301903,1.04900947820591,1.0039331366765,1446.17475014851
"81",16.7608077301903,1.06359543966547,1.01390450874144,1446.17475014851
"82",16.7608077301903,1.09746052448775,1.0318401937046,1446.17475014851
"83",16.7608077301903,1.09712869808446,0.999697641604515,1446.17475014851
"84",16.7608077301903,1.120467155116,1.02127230567598,1446.17475014851
"85",16.7608077301903,1.11337326853192,0.993668813448313,1446.17475014851
"86",16.7608077301903,1.12340255646113,1.00900801933429,1446.17475014851
"87",16.7608077301903,1.12392741201231,1.00046720167063,1446.17475014851
"88",16.7608077301903,1.14682518312669,1.02037299817555,1446.17475014851
"89",16.7608077301903,1.15520502294186,1.00730698971253,1446.17475014851
"90",16.7608077301903,1.17669047822063,1.01859882432302,1446.17475014851
"91",16.7608077301903,1.17795833944704,1.00107748065432,1446.17475014851
"92",16.7608077301903,1.19543764239826,1.01483864273114,1446.17475014851
"93",16.7608077301903,1.20692442552914,1.00960885179074,1446.17475014851
"94",16.7608077301903,1.21245119861846,1.00457922051491,1446.17475014851
"95",16.7608077301903,1.20552485256904,0.994287319722794,1446.17475014851
"96",16.7608077301903,1.1890605873696,0.986342658001319,1446.17475014851
"97",16.7608077301903,1.20677386579107,1.01489686783804,1446.17475014851
"98",16.7608077301903,1.2155194720854,1.00724709619776,1446.17475014851
"99",16.7608077301903,1.22498389533542,1.00778631973191,1446.17475014851
"100",16.7608077301903,1.22952345937173,1.00370581527936,1446.17475014851
"101",16.7608077301903,1.21425819315866,0.987584404269223,1446.17475014851
"102",16.7608077301903,1.21158007627917,0.997794441993824,1446.17475014851
"103",16.7608077301903,1.22845221261993,1.01392572944297,1446.17475014851
"104",16.7608077301903,1.22749659051754,0.999222092570984,1446.17475014851
"105",16.7608077301903,1.22318099056989,0.996484226529837,1446.17475014851
"106",16.7608077301903,1.21482995569451,0.993172690763052,1446.17475014851
"107",16.7608077301903,1.21704052374976,1.00181965224424,1446.17475014851
"108",16.7608077301903,1.23512964258235,1.01486320174193,1446.17475014851
"109",16.7608077301903,1.23548006710739,1.00028371477208,1446.17475014851
"110",16.7608077301903,1.24797854183373,1.01011629006335,1446.17475014851
"111",16.7608077301903,1.2542007439682,1.00498582461629,1446.17475014851
"112",16.7608077301903,1.23602215341847,0.985505836575876,1446.17475014851
"113",16.7608077301903,1.21296340433189,0.981344388510512,1446.17475014851
"114",16.7608077301903,1.19173471469663,0.982498491249246,1446.17475014851
"115",16.7608077301903,1.1816651576321,0.991550504537333,1446.17475014851
"116",16.7608077301903,1.13193370024337,0.957914086687307,1446.17475014851
"117",16.7608077301903,1.13684968338754,1.004342995657,1446.17475014851
"118",16.7608077301903,1.13913618717553,1.00201126307321,1446.17475014851
"119",16.7608077301903,1.15308386028226,1.01224407868326,1446.17475014851
"120",16.7608077301903,1.14942871580192,0.996830113917781,1446.17475014851
"121",16.7608077301903,1.14603323523165,0.997045940715086,1446.17475014851
"122",16.7608077301903,1.1386568464066,0.993563547200654,1446.17475014851
"123",16.7608077301903,1.14825786043286,1.00843187660668,1446.17475014851
"124",16.7608077301903,1.15135468378984,1.00269697553458,1446.17475014851
"125",16.7608077301903,1.14525106022402,0.994698746049546,1446.17475014851
"126",16.7608077301903,1.09994339298548,0.960438659424003,1446.17475014851
"127",16.7608077301903,1.13668251175663,1.0334009177249,1446.17475014851
"128",16.7608077301903,1.16110902560359,1.02148930206484,1446.17475014851
"129",16.7608077301903,1.1602390366362,0.999250725859324,1446.17475014851
"130",16.7608077301903,1.15559229164983,0.99599501064898,1446.17475014851
"131",16.7608077301903,1.1603759380375,1.00413956238912,1446.17475014851
"132",16.7608077301903,1.15531811963265,0.995641224331654,1446.17475014851
"133",16.7608077301903,1.15856846757785,1.00281337918099,1446.17475014851
"134",16.7608077301903,1.1807189869081,1.01911886949293,1446.17475014851
"135",16.7608077301903,1.17327375658329,0.993694324892403,1446.17475014851
"136",16.7608077301903,1.18435233072369,1.00944244604317,1446.17475014851
"137",16.7608077301903,1.18970643557849,1.00452070276379,1446.17475014851
"138",16.7608077301903,1.18938408014978,0.999729046242775,1446.17475014851
"139",16.7608077301903,1.2023500113758,1.0109013828606,1446.17475014851
"140",16.7608077301903,1.20898536146413,1.00551865099642,1446.17475014851
"141",16.7608077301903,1.20940609539417,1.00034800581004,1446.17475014851
"142",16.7608077301903,1.20059023022796,0.992710583153348,1446.17475014851
"143",16.7608077301903,1.21420042028768,1.01133624921896,1446.17475014851
"144",16.7608077301903,1.21895610117522,1.00391671820243,1446.17475014851
"145",16.7608077301903,1.22110488286371,1.00176280481833,1446.17475014851
"146",16.7608077301903,1.21541886054077,0.995343543046358,1446.17475014851
"147",16.7608077301903,1.20151969486248,0.988564299823267,1446.17475014851
"148",16.7608077301903,1.20796385349514,1.00536333999369,1446.17475014851
"149",16.7608077301903,1.2113760306493,1.00282473448546,1446.17475014851
"150",16.7608077301903,1.22487459949147,1.01114316983385,1446.17475014851
"151",16.7608077301903,1.21635318382894,0.993043030146869,1446.17475014851
"152",16.7608077301903,1.21684026088724,1.00040044048453,1446.17475014851
"153",16.7608077301903,1.22231987779307,1.00450315220654,1446.17475014851
"154",16.7608077301903,1.22896672315027,1.00543789353177,1446.17475014851
"155",16.7608077301903,1.22190713434043,0.994255671307565,1446.17475014851
"156",16.7608077301903,1.23662458219823,1.012044653349,1446.17475014851
"157",16.7608077301903,1.24737783943474,1.00869565217391,1446.17475014851
"158",16.7608077301903,1.22937238545733,0.985565356856455,1446.17475014851
"159",16.7608077301903,1.21924431759504,0.991761594792514,1446.17475014851
"160",16.7608077301903,1.22197482216651,1.00223950567746,1446.17475014851
"161",16.7608077301903,1.21194464112532,0.991791826755152,1446.17475014851
"162",16.7608077301903,1.23642456706477,1.02019888129273,1446.17475014851
"163",16.7608077301903,1.24754057740737,1.00899044764937,1446.17475014851
"164",16.7608077301903,1.26172018668956,1.01136605056299,1446.17475014851
"165",16.7608077301903,1.25820463274894,0.997213681783244,1446.17475014851
"166",16.7608077301903,1.26958956984871,1.00904855760616,1446.17475014851
"167",16.7608077301903,1.27281768190257,1.00254264222905,1446.17475014851
"168",16.7608077301903,1.30213969972511,1.02303709183134,1446.17475014851
"169",16.7608077301903,1.29883795527359,0.997464370027105,1446.17475014851
"170",16.7608077301903,1.30601071046138,1.00552244039271,1446.17475014851
"171",16.7608077301903,1.31818922261537,1.00932497111735,1446.17475014851
"172",16.7608077301903,1.3143148001438,0.997060799462546,1446.17475014851
"173",16.7608077301903,1.33988598845621,1.01945590836351,1446.17475014851
"174",16.7608077301903,1.35483557090068,1.01115735411317,1446.17475014851
"175",16.7608077301903,1.35030813373811,0.996658312447786,1446.17475014851
"176",16.7608077301903,1.35580180994244,1.00406846116606,1446.17475014851
"177",16.7608077301903,1.35070568149229,0.996241243806595,1446.17475014851
"178",16.7608077301903,1.35980134264712,1.00673400673401,1446.17475014851
"179",16.7608077301903,1.3693757228101,1.007041013906,1446.17475014851
"180",16.7608077301903,1.37149936697063,1.00155081189564,1446.17475014851
"181",16.7608077301903,1.38201700015292,1.00766871165644,1446.17475014851
"182",16.7608077301903,1.38954060056947,1.00544392754627,1446.17475014851
"183",16.7608077301903,1.3935829004984,1.00290909090909,1446.17475014851
"184",16.7608077301903,1.41511998016209,1.01545446607876,1446.17475014851
"185",16.7608077301903,1.41548264545685,1.00025627883137,1446.17475014851
"186",16.7608077301903,1.4072004284785,0.994148838910221,1446.17475014851
"187",16.7608077301903,1.40849452488137,1.00091962479308,1446.17475014851
"188",16.7608077301903,1.41939740325608,1.00774080280903,1446.17475014851
"189",16.7608077301903,1.41674080669691,0.998128363097559,1446.17475014851
"190",16.7608077301903,1.40890918255818,0.994472084024323,1446.17475014851
"191",16.7608077301903,1.40890918255818,1,1446.17475014851
"192",16.7608077301903,1.40570214665375,0.997723745473358,1446.17475014851
"193",16.7608077301903,1.41022115179181,1.00321476718863,1446.17475014851
"194",16.7608077301903,1.42417354661126,1.00989376368502,1446.17475014851
"195",16.7608077301903,1.42091626227552,0.997712859964653,1446.17475014851
"196",16.7608077301903,1.42846723959927,1.00531416067521,1446.17475014851
"197",16.7608077301903,1.42846723959927,1,1446.17475014851
"198",16.7608077301903,1.42717193016909,0.999093217265143,1446.17475014851
"199",16.7608077301903,1.40422189539076,0.983919222139117,1446.17475014851
"200",16.7608077301903,1.3922690761193,0.991487941250104,1446.17475014851
"201",16.7608077301903,1.41371384010633,1.01540274387678,1446.17475014851
"202",16.7608077301903,1.41198736947022,0.998778769375294,1446.17475014851
"203",16.7608077301903,1.3895432512008,0.984104589917231,1446.17475014851
"204",16.7608077301903,1.41090791378296,1.01537531312084,1446.17475014851
"205",16.7608077301903,1.43623334502358,1.01794974072597,1446.17475014851
"206",16.7608077301903,1.44669163376465,1.00728174761943,1446.17475014851
"207",16.7608077301903,1.42703924503143,0.986415633937083,1446.17475014851
"208",16.7608077301903,1.4249705725332,0.998550374486591,1446.17475014851
"209",16.7608077301903,1.42436088120489,0.999572137600548,1446.17475014851
"210",16.7608077301903,1.43729736602945,1.00908230842006,1446.17475014851
"211",16.7608077301903,1.43182759091097,0.996194402600492,1446.17475014851
"212",16.7608077301903,1.43900667075398,1.0050139275766,1446.17475014851
"213",16.7608077301903,1.4393552925556,1.00024226559105,1446.17475014851
"214",16.7608077301903,1.42567754191364,0.990497307570478,1446.17475014851
"215",16.7608077301903,1.40983414742003,0.988887112248161,1446.17475014851
"216",16.7608077301903,1.41199979127168,1.00153609831029,1446.17475014851
"217",16.7608077301903,1.421232272955,1.00653858572812,1446.17475014851
"218",16.7608077301903,1.42816867500641,1.00488055484202,1446.17475014851
"219",16.7608077301903,1.45171820315411,1.01648931849565,1446.17475014851
"220",16.7608077301903,1.43982400485315,0.991806813281587,1446.17475014851
"221",16.7608077301903,1.44545809878518,1.00391304347826,1446.17475014851
"222",16.7608077301903,1.45585628209319,1.00719369403842,1446.17475014851
"223",16.7608077301903,1.49632139963155,1.02779471987453,1446.17475014851
"224",16.7608077301903,1.4926877876849,0.997571636716853,1446.17475014851
"225",16.7608077301903,1.50751962659398,1.00993633031063,1446.17475014851
"226",16.7608077301903,1.47966650072657,0.981523871811642,1446.17475014851
"227",16.7608077301903,1.50135743060562,1.01465933699817,1446.17475014851
"228",16.7608077301903,1.52503467314799,1.01577055673733,1446.17475014851
"229",16.7608077301903,1.54551966755823,1.01343247781243,1446.17475014851
"230",16.7608077301903,1.54678894606675,1.0008212632522,1446.17475014851
"231",16.7608077301903,1.57190430217062,1.01623709308741,1446.17475014851
"232",16.7608077301903,1.55968398817707,0.992225790096333,1446.17475014851
"233",16.7608077301903,1.56154360117608,1.0011923011412,1446.17475014851
"234",16.7608077301903,1.56288792452884,1.00086089389483,1446.17475014851
"235",16.7608077301903,1.56960954129264,1.00430076697011,1446.17475014851
"236",16.7608077301903,1.5669035207957,0.998275991305,1446.17475014851
"237",16.7608077301903,1.52482215032578,0.973143611006408,1446.17475014851
"238",16.7608077301903,1.51955555056593,0.99654608915622,1446.17475014851
"239",16.7608077301903,1.51351758149084,0.996026490066225,1446.17475014851
"240",16.7608077301903,1.51654857011724,1.00200261210274,1446.17475014851
"241",16.7608077301903,1.50113006275682,0.989833159541189,1446.17475014851
"242",16.7608077301903,1.53054846542795,1.01959750417436,1446.17475014851
"243",16.7608077301903,1.55007041657237,1.01275487290039,1446.17475014851
"244",16.7608077301903,1.56896835473869,1.01219166430394,1446.17475014851
"245",16.7608077301903,1.5834263300083,1.00921495658338,1446.17475014851
"246",16.7608077301903,1.58767393186598,1.00268253835192,1446.17475014851
"247",16.7608077301903,1.57904599059256,0.994565671766575,1446.17475014851
"248",16.7608077301903,1.58917560879179,1.00641502417255,1446.17475014851
"249",16.7608077301903,1.60922625749857,1.01261701261701,1446.17475014851
"250",16.7608077301903,1.62798331596619,1.01165594855305,1446.17475014851
"251",16.7608077301903,1.65010607883905,1.01358905994668,1446.17475014851
"252",16.7608077301903,1.66764374071321,1.01062820269501,1446.17475014851
"253",16.7608077301903,1.67630720647901,1.0051950338998,1446.17475014851
"254",16.7608077301903,1.71316364558432,1.02198668535389,1446.17475014851
"255",16.7608077301903,1.72287401376687,1.00566809143282,1446.17475014851
"256",16.7608077301903,1.7242572310839,1.00080285459411,1446.17475014851
"257",16.7608077301903,1.73179957810599,1.00437425860024,1446.17475014851
"258",16.7608077301903,1.71271974215405,0.988982653539615,1446.17475014851
"259",16.7608077301903,1.7387007953652,1.01516947143873,1446.17475014851
"260",16.7608077301903,1.73706390890751,0.999058557710412,1446.17475014851
"261",16.7608077301903,1.70972790506397,0.984263098379193,1446.17475014851
"262",16.7608077301903,1.71889446922707,1.00536141694591,1446.17475014851
"263",16.7608077301903,1.7478673595283,1.01685553756785,1446.17475014851
"264",16.7608077301903,1.7653119616351,1.00998050682261,1446.17475014851
"265",16.7608077301903,1.7653119616351,1,1446.17475014851
"266",16.7608077301903,1.77614516381658,1.00613670694864,1446.17475014851
"267",16.7608077301903,1.79820547309098,1.0124203301193,1446.17475014851
"268",16.7608077301903,1.79701111432128,0.999335805174895,1446.17475014851
"269",16.7608077301903,1.81242823453399,1.00857931266526,1446.17475014851
"270",16.7608077301903,1.81800717583408,1.00307815845824,1446.17475014851
"271",16.7608077301903,1.83384468808766,1.00871146850469,1446.17475014851
"272",16.7608077301903,1.8329744951067,0.999525481636139,1446.17475014851
"273",16.7608077301903,1.86395336522908,1.01690087352829,1446.17475014851
"274",16.7608077301903,1.86233041932989,0.999129299085764,1446.17475014851
"275",16.7608077301903,1.90636857714072,1.02364680153089,1446.17475014851
"276",16.7608077301903,1.92571481987843,1.0101482173855,1446.17475014851
"277",16.7608077301903,1.9291924913524,1.00180591198555,1446.17475014851
"278",16.7608077301903,1.94002285081156,1.00561393407226,1446.17475014851
"279",16.7608077301903,1.93183065583604,0.995777268823361,1446.17475014851
"280",16.7608077301903,1.91114189225381,0.989290591533099,1446.17475014851
"281",16.7608077301903,1.90503245871275,0.996803254867771,1446.17475014851
"282",16.7608077301903,1.89800171465626,0.996309383588535,1446.17475014851
"283",16.7608077301903,1.91340951546092,1.00811790668348,1446.17475014851
"284",16.7608077301903,1.90865500815071,0.99751516480304,1446.17475014851
"285",16.7608077301903,1.92007799469378,1.00598483565353,1446.17475014851
"286",16.7608077301903,1.93750841616176,1.0090779757469,1446.17475014851
"287",16.7608077301903,1.90831968325776,0.984934912973526,1446.17475014851
"288",16.7608077301903,1.90579878539348,0.998678996036988,1446.17475014851
"289",16.7608077301903,1.89094321099078,0.992205066706641,1446.17475014851
"290",16.7608077301903,1.92060453895081,1.01568599616722,1446.17475014851
"291",16.7608077301903,1.92384095952345,1.00168510513591,1446.17475014851
"292",16.7608077301903,1.95986372763623,1.01872440023405,1446.17475014851
"293",16.7608077301903,1.9536634109828,0.996836353178027,1446.17475014851
"294",16.7608077301903,1.96591510514694,1.00627113866967,1446.17475014851
"295",16.7608077301903,1.95563132953152,0.994768962510898,1446.17475014851
"296",16.7608077301903,1.96686730659281,1.00574544746324,1446.17475014851
"297",16.7608077301903,1.95965462354886,0.996332908163265,1446.17475014851
"298",16.7608077301903,1.97627515404143,1.00848135701712,1446.17475014851
"299",16.7608077301903,1.97611818222618,0.999920571882446,1446.17475014851
"300",16.7608077301903,1.9817076550222,1.00282851139486,1446.17475014851
"301",16.7608077301903,1.99229127719749,1.00534065766384,1446.17475014851
"302",16.7608077301903,2.01239670734957,1.01009161179502,1446.17475014851
"303",16.7608077301903,1.98756287564185,0.987659574468085,1446.17475014851
"304",16.7608077301903,2.01805797391433,1.01534296028881,1446.17475014851
"305",16.7608077301903,2.01840585496483,1.00017238407171,1446.17475014851
"306",16.7608077301903,2.03214715645933,1.00680799724233,1446.17475014851
"307",16.7608077301903,2.03152475304235,0.999693721286371,1446.17475014851
"308",16.7608077301903,1.97470725056527,0.972032089497314,1446.17475014851
"309",16.7608077301903,1.96379230929993,0.994472628151738,1446.17475014851
"310",16.7608077301903,1.94360714394623,0.98972133394244,1446.17475014851
"311",16.7608077301903,1.95234588574388,1.00449614616043,1446.17475014851
"312",16.7608077301903,1.97683991675409,1.01254594853764,1446.17475014851
"313",16.7608077301903,1.98860682102048,1.00595238095238,1446.17475014851
"314",16.7608077301903,1.99288365772511,1.00215066983549,1446.17475014851
"315",16.7608077301903,2.00125472034467,1.00420047732697,1446.17475014851
"316",16.7608077301903,2.0172358398911,1.00798554995722,1446.17475014851
"317",16.7608077301903,2.02645010231766,1.00456776656668,1446.17475014851
"318",16.7608077301903,2.03465551936903,1.00404915820132,1446.17475014851
"319",16.7608077301903,2.04707352372561,1.00610324658812,1446.17475014851
"320",16.7608077301903,2.05166969083182,1.00224523792279,1446.17475014851
"321",16.7608077301903,2.04934949742391,0.998869119420989,1446.17475014851
"322",16.7608077301903,2.02703705319161,0.989112426035503,1446.17475014851
"323",16.7608077301903,2.01227929357491,0.992719541266671,1446.17475014851
"324",16.7608077301903,2.06223049810425,1.02482319660537,1446.17475014851
"325",16.7608077301903,2.09979826299219,1.01821705426357,1446.17475014851
"326",16.7608077301903,2.13105285439153,1.01488456865128,1446.17475014851
"327",16.7608077301903,2.16011648417551,1.01363815530154,1446.17475014851
"328",16.7608077301903,2.1823354804624,1.01028601765213,1446.17475014851
"329",16.7608077301903,2.18457420276038,1.001025837832,1446.17475014851
"330",16.7608077301903,2.18357826468303,0.999544104257896,1446.17475014851
"331",16.7608077301903,2.20074040054931,1.00785963853179,1446.17475014851
"332",16.7608077301903,2.19973922969456,0.999545075441656,1446.17475014851
"333",16.7608077301903,2.21169331908069,1.00543432113441,1446.17475014851
"334",16.7608077301903,2.20602786493703,0.997438408799819,1446.17475014851
"335",16.7608077301903,2.19819620773845,0.996449882921671,1446.17475014851
"336",16.7608077301903,2.21036027104689,1.00553365676167,1446.17475014851
"337",16.7608077301903,2.19039916083274,0.990969295605057,1446.17475014851
"338",16.7608077301903,2.18041860572566,0.995443499392467,1446.17475014851
"339",16.7608077301903,2.20944784751787,1.01331360946746,1446.17475014851
"340",16.7608077301903,2.24340551152987,1.01536929873686,1446.17475014851
"341",16.7608077301903,2.25467089900683,1.005021556477,1446.17475014851
"342",16.7608077301903,2.20415821661319,0.977596427746555,1446.17475014851
"343",16.7608077301903,2.20068084282092,0.998422357448727,1446.17475014851
"344",16.7608077301903,2.13499417681223,0.970151661826396,1446.17475014851
"345",16.7608077301903,2.13756172781717,1.0012026032824,1446.17475014851
"346",16.7608077301903,2.13515269861064,0.998873001338311,1446.17475014851
"347",16.7608077301903,2.13416890839472,0.999539241283981,1446.17475014851
"348",16.7608077301903,2.09055420882243,0.979563614013522,1446.17475014851
"349",16.7608077301903,2.12872401469283,1.01825822344588,1446.17475014851
"350",16.7608077301903,2.13222129407558,1.00164289938884,1446.17475014851
"351",16.7608077301903,2.18163479758001,1.02317465998568,1446.17475014851
"352",16.7608077301903,2.17287380839834,0.995984209093384,1446.17475014851
"353",16.7608077301903,2.26330503571431,1.04161826009704,1446.17475014851
"354",16.7608077301903,2.30189412196236,1.01704988308652,1446.17475014851
"355",16.7608077301903,2.23553390148252,0.97117147142143,1446.17475014851
"356",16.7608077301903,2.27063193716983,1.01570006863418,1446.17475014851
"357",16.7608077301903,2.23485457692597,0.984243434764485,1446.17475014851
"358",16.7608077301903,2.17982595220264,0.975377089278434,1446.17475014851
"359",16.7608077301903,2.04593901060059,0.938579067990833,1446.17475014851
"360",16.7608077301903,2.0442737501329,0.999186065440339,1446.17475014851
"361",16.7608077301903,2.12861548245995,1.04125755287009,1446.17475014851
"362",16.7608077301903,2.17468090469574,1.02164102564103,1446.17475014851
"363",16.7608077301903,2.25970625398143,1.03909785067873,1446.17475014851
"364",16.7608077301903,2.30523901466818,1.0201498582422,1446.17475014851
"365",16.7608077301903,2.32274375017676,1.00759345794393,1446.17475014851
"366",16.7608077301903,2.35261958380602,1.0128623028808,1446.17475014851
"367",16.7608077301903,2.29766337830504,0.976640419947506,1446.17475014851
"368",16.7608077301903,2.34442799914931,1.02035312103845,1446.17475014851
"369",16.7608077301903,2.36415524980645,1.00841452612932,1446.17475014851
"370",16.7608077301903,2.41300958524763,1.02066460544212,1446.17475014851
"371",16.7608077301903,2.42941736854541,1.00679971741434,1446.17475014851
"372",16.7608077301903,2.43474457091482,1.00219279010613,1446.17475014851
"373",16.7608077301903,2.4822469878662,1.01951022604952,1446.17475014851
"374",16.7608077301903,2.49672514127327,1.00583268042135,1446.17475014851
"375",16.7608077301903,2.445254628662,0.979384790195601,1446.17475014851
"376",16.7608077301903,2.40310554746852,0.982762907102014,1446.17475014851
"377",16.7608077301903,2.46896348683333,1.0274053461506,1446.17475014851
"378",16.7608077301903,2.46196146337224,0.99716398257875,1446.17475014851
"379",16.7608077301903,2.4284517796656,0.986389029964449,1446.17475014851
"380",16.7608077301903,2.47371485989622,1.01863865719287,1446.17475014851
"381",16.7608077301903,2.3775272073782,0.961116111611161,1446.17475014851
"382",16.7608077301903,2.40246474691991,1.01048885559093,1446.17475014851
"383",16.7608077301903,2.53494542573523,1.05514365152919,1446.17475014851
"384",16.7608077301903,2.57394066504123,1.01538306857028,1446.17475014851
"385",16.7608077301903,2.58568190477026,1.0045615813482,1446.17475014851
"386",16.7608077301903,2.66746069864623,1.03162755392498,1446.17475014851
"387",16.7608077301903,2.61254175421434,0.979411526302991,1446.17475014851
"388",16.7608077301903,2.6354606837804,1.0087726557974,1446.17475014851
"389",16.7608077301903,2.70725091831835,1.02724010833467,1446.17475014851
"390",16.7608077301903,2.69414334581121,0.995158345900468,1446.17475014851
"391",16.7608077301903,2.72680483796014,1.01212314563726,1446.17475014851
"392",16.7608077301903,2.70941855243823,0.993623934767948,1446.17475014851
"393",16.7608077301903,2.6925337943833,0.993768124884309,1446.17475014851
"394",16.7608077301903,2.68146322087233,0.995888417989753,1446.17475014851
"395",16.7608077301903,2.7626132279497,1.03026333027643,1446.17475014851
"396",16.7608077301903,2.77439637859237,1.00426521907716,1446.17475014851
"397",16.7608077301903,2.77790693961804,1.00126534227509,1446.17475014851
"398",16.7608077301903,2.76097964107294,0.993906455862978,1446.17475014851
"399",16.7608077301903,2.72117761476418,0.985584092792046,1446.17475014851
"400",16.7608077301903,2.65072345325213,0.974108944182919,1446.17475014851
"401",16.7608077301903,2.63402490198466,0.993700379703141,1446.17475014851
"402",16.7608077301903,2.60177153583791,0.987755102040816,1446.17475014851
"403",16.7608077301903,2.61362880150324,1.00455738157713,1446.17475014851
"404",16.7608077301903,2.57913493774956,0.986802309595821,1446.17475014851
"405",16.7608077301903,2.53332277495169,0.982237392031206,1446.17475014851
"406",16.7608077301903,2.44690846002709,0.965888944046521,1446.17475014851
"407",16.7608077301903,2.53170587508824,1.03465491923642,1446.17475014851
"408",16.7608077301903,2.50167147262747,0.988136693619784,1446.17475014851
"409",16.7608077301903,2.54525739872624,1.01742272179847,1446.17475014851
"410",16.7608077301903,2.59604005586947,1.01995187487467,1446.17475014851
"411",16.7608077301903,2.59256367296677,0.998660890114218,1446.17475014851
"412",16.7608077301903,2.58377046915405,0.996608297838776,1446.17475014851
"413",16.7608077301903,2.57456827911749,0.996438464582509,1446.17475014851
"414",16.7608077301903,2.55227852991783,0.991342335186656,1446.17475014851
"415",16.7608077301903,2.54238837334755,0.996124969726326,1446.17475014851
"416",16.7608077301903,2.4456949505805,0.961967485463392,1446.17475014851
"417",16.7608077301903,2.50754253768579,1.02528834885586,1446.17475014851
"418",16.7608077301903,2.4558642034238,0.979390844428233,1446.17475014851
"419",16.7608077301903,2.41699112012938,0.984171322160149,1446.17475014851
"420",16.7608077301903,2.36181619507021,0.97717206132879,1446.17475014851
"421",16.7608077301903,2.35234587211229,0.995990237099024,1446.17475014851
"422",16.7608077301903,2.37618664820536,1.01013489401185,1446.17475014851
"423",16.7608077301903,2.42002718002666,1.01844995293379,1446.17475014851
"424",16.7608077301903,2.38232718440593,0.984421664379692,1446.17475014851
"425",16.7608077301903,2.39048881263445,1.00342590567826,1446.17475014851
"426",16.7608077301903,2.31801690978332,0.969683228606595,1446.17475014851
"427",16.7608077301903,2.41743349446372,1.04288863651547,1446.17475014851
"428",16.7608077301903,2.33362785628402,0.965332805071315,1446.17475014851
"429",16.7608077301903,2.3084861648301,0.989226349271496,1446.17475014851
"430",16.7608077301903,2.34489129245455,1.01577013030404,1446.17475014851
"431",16.7608077301903,2.41444643484156,1.0296624165951,1446.17475014851
"432",16.7608077301903,2.44979800595919,1.0146416878865,1446.17475014851
"433",16.7608077301903,2.51451325152455,1.02641656389953,1446.17475014851
"434",16.7608077301903,2.5889795668841,1.02961460446247,1446.17475014851
"435",16.7608077301903,2.57809110378499,0.995794303192506,1446.17475014851
"436",16.7608077301903,2.58868299054789,1.00410842221493,1446.17475014851
"437",16.7608077301903,2.58294142001667,0.997782049578034,1446.17475014851
"438",16.7608077301903,2.60876923990696,1.00999938275415,1446.17475014851
"439",16.7608077301903,2.64546818195716,1.01406753096012,1446.17475014851
"440",16.7608077301903,2.66864418820722,1.00876064448937,1446.17475014851
"441",16.7608077301903,2.66494354812952,0.998613288315447,1446.17475014851
"442",16.7608077301903,2.74120891320912,1.02861800398479,1446.17475014851
"443",16.7608077301903,2.75687160806427,1.00571379101377,1446.17475014851
"444",16.7608077301903,2.76019399788203,1.00120513041233,1446.17475014851
"445",16.7608077301903,2.76125581515376,1.00038468936334,1446.17475014851
"446",16.7608077301903,2.6627722632001,0.964333781965007,1446.17475014851
"447",16.7608077301903,2.66079156973951,0.999256153638085,1446.17475014851
"448",16.7608077301903,2.64574974378499,0.994346860488593,1446.17475014851
"449",16.7608077301903,2.61862073625989,0.989746192893401,1446.17475014851
"450",16.7608077301903,2.68013106025245,1.02348958867576,1446.17475014851
"451",16.7608077301903,2.69913399619806,1.00709030100334,1446.17475014851
"452",16.7608077301903,2.75215880854415,1.01964512040558,1446.17475014851
"453",16.7608077301903,2.77002848198679,1.00649296595355,1446.17475014851
"454",16.7608077301903,2.78318574590185,1.0047498659312,1446.17475014851
"455",16.7608077301903,2.78704458229131,1.00138648180243,1446.17475014851
"456",16.7608077301903,2.85508816504573,1.0244142426665,1446.17475014851
"457",16.7608077301903,2.85508816504573,1,1446.17475014851
"458",16.7608077301903,2.81528906185639,0.986060289248998,1446.17475014851
"459",16.7608077301903,2.81454282867159,0.999734935500972,1446.17475014851
"460",16.7608077301903,2.84831091060004,1.01199771472101,1446.17475014851
"461",16.7608077301903,2.82278217270661,0.991037236209566,1446.17475014851
"462",16.7608077301903,2.84749212690806,1.00875375877046,1446.17475014851
"463",16.7608077301903,2.75827221593644,0.968667196608373,1446.17475014851
"464",16.7608077301903,2.75638595989053,0.999316145797716,1446.17475014851
"465",16.7608077301903,2.74523994422204,0.995956293555881,1446.17475014851
"466",16.7608077301903,2.77982505866428,1.0125982118667,1446.17475014851
"467",16.7608077301903,2.72457000725936,0.980122831387284,1446.17475014851
"468",16.7608077301903,2.61553179735234,0.959979662986636,1446.17475014851
"469",16.7608077301903,2.6082551981537,0.997217927457048,1446.17475014851
"470",16.7608077301903,2.54006045480155,0.973854267250984,1446.17475014851
"471",16.7608077301903,2.3790530738436,0.936612776025237,1446.17475014851
"472",16.7608077301903,2.47101812837791,1.03865615927001,1446.17475014851
"473",16.7608077301903,2.56866867507072,1.03951834491676,1446.17475014851
"474",16.7608077301903,2.7492829105131,1.07031433722662,1446.17475014851
"475",16.7608077301903,2.74905825918849,0.999918287301847,1446.17475014851
"476",16.7608077301903,2.73760104163365,0.995832311841138,1446.17475014851
"477",16.7608077301903,2.79554782775421,1.0211669944741,1446.17475014851
"478",16.7608077301903,2.75616293019483,0.985911563676943,1446.17475014851
"479",16.7608077301903,2.74758404161754,0.996887379739672,1446.17475014851
"480",16.7608077301903,2.83372334437956,1.03135092556124,1446.17475014851
"481",16.7608077301903,2.89514723250974,1.02167603561301,1446.17475014851
"482",16.7608077301903,2.77239547638403,0.957600858862265,1446.17475014851
"483",16.7608077301903,2.82417872522454,1.01867816091954,1446.17475014851
"484",16.7608077301903,2.84313718612334,1.00671291116581,1446.17475014851
"485",16.7608077301903,2.88637881633054,1.01520912547529,1446.17475014851
"486",16.7608077301903,2.83709197969177,0.982924335378323,1446.17475014851
"487",16.7608077301903,2.9660554742187,1.04545622611113,1446.17475014851
"488",16.7608077301903,2.95917766754986,0.997681160474366,1446.17475014851
"489",16.7608077301903,3.01099206250696,1.01750972762646,1446.17475014851
"490",16.7608077301903,2.99881318982102,0.995955196017424,1446.17475014851
"491",16.7608077301903,3.07151537344783,1.02424365207996,1446.17475014851
"492",16.7608077301903,3.10550920788009,1.01106744726923,1446.17475014851
"493",16.7608077301903,3.11140654253714,1.00189899119993,1446.17475014851
"494",16.7608077301903,3.20241404631256,1.02924963437957,1446.17475014851
"495",16.7608077301903,3.14973976229816,0.983551694673882,1446.17475014851
"496",16.7608077301903,3.14084670136067,0.997176572793745,1446.17475014851
"497",16.7608077301903,3.20788669919717,1.02134456221867,1446.17475014851
"498",16.7608077301903,3.23842702523587,1.00952038800072,1446.17475014851
"499",16.7608077301903,3.22200439708299,0.994928825622776,1446.17475014851
"500",16.7608077301903,3.14499859398714,0.976100031655587,1446.17475014851
"501",16.7608077301903,3.09400137339387,0.983784660288633,1446.17475014851
"502",16.7608077301903,2.99440237539045,0.967809000067064,1446.17475014851
"503",16.7608077301903,3.08424897150604,1.0300048506687,1446.17475014851
"504",16.7608077301903,3.0952249464936,1.00355871886121,1446.17475014851
"505",16.7608077301903,3.06884260394976,0.991476437738807,1446.17475014851
"506",16.7608077301903,3.06608677732046,0.999101998054329,1446.17475014851
"507",16.7608077301903,3.06065840414839,0.998229543530136,1446.17475014851
"508",16.7608077301903,3.14443675402845,1.02737265608161,1446.17475014851
"509",16.7608077301903,3.09408665909414,0.983987563155849,1446.17475014851
"510",16.7608077301903,3.07861388143842,0.994999242309441,1446.17475014851
"511",16.7608077301903,2.94732970738987,0.957356076759062,1446.17475014851
"512",16.7608077301903,3.0821711698834,1.04575038284839,1446.17475014851
"513",16.7608077301903,3.13744037405146,1.01793190615372,1446.17475014851
"514",16.7608077301903,3.0827248066879,0.982560443915973,1446.17475014851
"515",16.7608077301903,3.0827248066879,1,1446.17475014851
"516",16.7608077301903,3.07845346140883,0.998614425371411,1446.17475014851
"517",16.7608077301903,3.22158006469062,1.04649302160192,1446.17475014851
"518",16.7608077301903,3.2209651419831,0.999809123878603,1446.17475014851
"519",16.7608077301903,3.18222501140942,0.987972508591065,1446.17475014851
"520",16.7608077301903,3.15742271782095,0.992205989991421,1446.17475014851
"521",16.7608077301903,3.17613291655682,1.00592578200894,1446.17475014851
"522",16.7608077301903,3.14653940150583,0.990682532555007,1446.17475014851
"523",16.7608077301903,3.26063488122049,1.03626062322946,1446.17475014851
"524",16.7608077301903,3.23378163662846,0.991764412278513,1446.17475014851
"525",16.7608077301903,3.27731644225494,1.01346250629089,1446.17475014851
"526",16.7608077301903,3.32997678518504,1.01606812886639,1446.17475014851
"527",16.7608077301903,3.31479828635024,0.995441860465116,1446.17475014851
"528",16.7608077301903,3.27142979590519,0.986916703009158,1446.17475014851
"529",16.7608077301903,3.27829647355899,1.00209898365002,1446.17475014851
"530",16.7608077301903,3.19255881019915,0.973846885401807,1446.17475014851
"531",16.7608077301903,3.17447595756325,0.9943359375,1446.17475014851
"532",16.7608077301903,3.13946456941408,0.988970970762668,1446.17475014851
"533",16.7608077301903,3.27158301526002,1.04208311415045,1446.17475014851
"534",16.7608077301903,3.30934500124706,1.01154242023232,1446.17475014851
"535",16.7608077301903,3.30762840880477,0.999481289366432,1446.17475014851
"536",16.7608077301903,3.34931708240329,1.01260379596679,1446.17475014851
"537",16.7608077301903,3.34952734777352,1.00006277857995,1446.17475014851
"538",16.7608077301903,3.35718708130709,1.00228681026852,1446.17475014851
"539",16.7608077301903,3.33979232959047,0.994818652849741,1446.17475014851
"540",16.7608077301903,3.37964173405791,1.01193170129603,1446.17475014851
"541",16.7608077301903,3.47126427746005,1.02711013492313,1446.17475014851
"542",16.7608077301903,3.45529180096272,0.995398657313118,1446.17475014851
"543",16.7608077301903,3.52027111556012,1.01880573865839,1446.17475014851
"544",16.7608077301903,3.49342493583772,0.992373831775701,1446.17475014851
"545",16.7608077301903,3.55202721624466,1.0167750220724,1446.17475014851
"546",16.7608077301903,3.60841708477431,1.015875404409,1446.17475014851
"547",16.7608077301903,3.59036322509413,0.994996737002393,1446.17475014851
"548",16.7608077301903,3.56431239060264,0.99274423425758,1446.17475014851
"549",16.7608077301903,3.56260991047721,0.999522353840275,1446.17475014851
"550",16.7608077301903,3.56512587792811,1.00070621468927,1446.17475014851
"551",16.7608077301903,3.61047927494648,1.01272140131128,1446.17475014851
"552",16.7608077301903,3.63172854866135,1.00588544403573,1446.17475014851
"553",16.7608077301903,3.63465618150993,1.00080612656187,1446.17475014851
"554",16.7608077301903,3.56565497794667,0.981015754966239,1446.17475014851
"555",16.7608077301903,3.71859578996832,1.0428927680798,1446.17475014851
"556",16.7608077301903,3.72669608876717,1.00217832194096,1446.17475014851
"557",16.7608077301903,3.69663131214571,0.991932592326999,1446.17475014851
"558",16.7608077301903,3.7263620356936,1.00804265317188,1446.17475014851
"559",16.7608077301903,3.71564309825787,0.997123484692829,1446.17475014851
"560",16.7608077301903,3.70983967287988,0.998438110113237,1446.17475014851
"561",16.7608077301903,3.69498947322886,0.995997077782209,1446.17475014851
"562",16.7608077301903,3.61743850011101,0.979011855465426,1446.17475014851
"563",16.7608077301903,3.59333481927708,0.993336809780404,1446.17475014851
"564",16.7608077301903,3.55225376324708,0.988567428838077,1446.17475014851
"565",16.7608077301903,3.57656704130565,1.00684446542365,1446.17475014851
"566",16.7608077301903,3.58722239710614,1.00297921321687,1446.17475014851
"567",16.7608077301903,3.60369672026785,1.00459250119953,1446.17475014851
"568",16.7608077301903,3.5686405383787,0.990272160891901,1446.17475014851
"569",16.7608077301903,3.62929954973745,1.01699779249448,1446.17475014851
"570",16.7608077301903,3.60401209452874,0.993032414419873,1446.17475014851
"571",16.7608077301903,3.52924918347689,0.979255643685174,1446.17475014851
"572",16.7608077301903,3.47627580928777,0.984990185890775,1446.17475014851
"573",16.7608077301903,3.40496549787933,0.979486578361271,1446.17475014851
"574",16.7608077301903,3.41393022274211,1.00263283867879,1446.17475014851
"575",16.7608077301903,3.46992497780503,1.01640184520759,1446.17475014851
"576",16.7608077301903,3.49639901736208,1.00762957116548,1446.17475014851
"577",16.7608077301903,3.46018740003692,0.98964316797215,1446.17475014851
"578",16.7608077301903,3.43584345561664,0.99296455896579,1446.17475014851
"579",16.7608077301903,3.40876081744908,0.992117615800195,1446.17475014851
"580",16.7608077301903,3.35691121817031,0.984789311408016,1446.17475014851
"581",16.7608077301903,3.28018782464294,0.977144646211647,1446.17475014851
"582",16.7608077301903,3.30716362967311,1.00822385987397,1446.17475014851
"583",16.7608077301903,3.40923658120623,1.03086419753086,1446.17475014851
"584",16.7608077301903,3.42724851008625,1.0052832733813,1446.17475014851
"585",16.7608077301903,3.42418264985136,0.99910544559991,1446.17475014851
"586",16.7608077301903,3.38470969932705,0.98847229994404,1446.17475014851
"587",16.7608077301903,3.30614703080779,0.976788949275362,1446.17475014851
"588",16.7608077301903,3.42253154684854,1.03520246224873,1446.17475014851
"589",16.7608077301903,3.53376639700191,1.03250075233223,1446.17475014851
"590",16.7608077301903,3.65593081028982,1.03457059679767,1446.17475014851
"591",16.7608077301903,3.71791250316876,1.0169537379385,1446.17475014851
"592",16.7608077301903,3.68323679510917,0.990673339399454,1446.17475014851
"593",16.7608077301903,3.83185498407662,1.04034988713318,1446.17475014851
"594",16.7608077301903,3.88265830293556,1.01325815279285,1446.17475014851
"595",16.7608077301903,3.86405802362927,0.995209395765724,1446.17475014851
"596",16.7608077301903,3.94388691466689,1.02065934065934,1446.17475014851
"597",16.7608077301903,3.9291451709903,0.99626212820105,1446.17475014851
"598",16.7608077301903,3.95088405210794,1.00553272535668,1446.17475014851
"599",16.7608077301903,4.08504858221259,1.03395810363837,1446.17475014851
"600",16.7608077301903,4.0586222353738,0.993530958982015,1446.17475014851
"601",16.7608077301903,4.05389466142461,0.998835177635411,1446.17475014851
"602",16.7608077301903,4.17302952494403,1.02938775510204,1446.17475014851
"603",16.7608077301903,4.25233848653257,1.01900512831613,1446.17475014851
"604",16.7608077301903,4.17867008066601,0.982675789780172,1446.17475014851
"605",16.7608077301903,4.13781197321061,0.990222222222222,1446.17475014851
"606",16.7608077301903,3.93446743730163,0.950856989823246,1446.17475014851
"607",16.7608077301903,3.84415365159818,0.97704548655119,1446.17475014851
"608",16.7608077301903,3.67571567089973,0.956183338137792,1446.17475014851
"609",16.7608077301903,3.60922699430824,0.98191136569189,1446.17475014851
"610",16.7608077301903,3.30337908198737,0.915259441203562,1446.17475014851
"611",16.7608077301903,3.31224423886623,1.00268366320027,1446.17475014851
"612",16.7608077301903,3.59315889746529,1.08481097356976,1446.17475014851
"613",16.7608077301903,3.64440018341868,1.01426079041189,1446.17475014851
"614",16.7608077301903,3.65212448740049,1.00211949939443,1446.17475014851
"615",16.7608077301903,3.58622131538467,0.981954839643834,1446.17475014851
"616",16.7608077301903,3.58622131538467,1,1446.17475014851
"617",16.7608077301903,3.60602101898928,1.00552104899931,1446.17475014851
"618",16.7608077301903,3.62121555544307,1.00421365720659,1446.17475014851
"619",16.7608077301903,3.74620646669074,1.03451628585318,1446.17475014851
"620",16.7608077301903,3.69419164091425,0.986115333941421,1446.17475014851
"621",16.7608077301903,3.72038888893306,1.0070914696814,1446.17475014851
"622",16.7608077301903,3.61658304536594,0.972098120205682,1446.17475014851
"623",16.7608077301903,3.57081113671518,0.987343880099917,1446.17475014851
"624",16.7608077301903,3.50636910743055,0.981953111823242,1446.17475014851
"625",16.7608077301903,3.60754911602697,1.02885606320852,1446.17475014851
"626",16.7608077301903,3.68914366407207,1.02261772339637,1446.17475014851
"627",16.7608077301903,3.7036050775708,1.00391999195899,1446.17475014851
"628",16.7608077301903,3.69860228600716,0.998649210307564,1446.17475014851
"629",16.7608077301903,3.75324816308687,1.0147747372802,1446.17475014851
"630",16.7608077301903,3.78721829063423,1.00905086103324,1446.17475014851
"631",16.7608077301903,3.75407192604549,0.991247833622184,1446.17475014851
"632",16.7608077301903,3.78718526874501,1.00882064684744,1446.17475014851
"633",16.7608077301903,3.65575454632125,0.965295935345852,1446.17475014851
"634",16.7608077301903,3.51322122862424,0.961011245177707,1446.17475014851
"635",16.7608077301903,3.36138573650912,0.956781687734882,1446.17475014851
"636",16.7608077301903,3.38608667272352,1.00734843845683,1446.17475014851
"637",16.7608077301903,3.33325411470939,0.984397163120567,1446.17475014851
"638",16.7608077301903,3.32888508956138,0.998689261305121,1446.17475014851
"639",16.7608077301903,3.28457069163153,0.986687916002625,1446.17475014851
"640",16.7608077301903,3.39528683467098,1.03370794951119,1446.17475014851
"641",16.7608077301903,3.26389260325207,0.961300992282249,1446.17475014851
"642",16.7608077301903,3.16918394071935,0.970982910884276,1446.17475014851
"643",16.7608077301903,3.07711284764035,0.970948012232416,1446.17475014851
"644",16.7608077301903,3.00073935022093,0.975180144115292,1446.17475014851
"645",16.7608077301903,3.40692804182464,1.1353628703452,1446.17475014851
"646",16.7608077301903,3.52323246648746,1.03413762287757,1446.17475014851
"647",16.7608077301903,3.46853082172894,0.98447401774398,1446.17475014851
"648",16.7608077301903,3.50504167248398,1.01052631578947,1446.17475014851
"649",16.7608077301903,3.61773953077669,1.0321530722951,1446.17475014851
"650",16.7608077301903,3.41355841546461,0.943561134356114,1446.17475014851
"651",16.7608077301903,3.05598918057706,0.895250295624754,1446.17475014851
"652",16.7608077301903,3.19302829812869,1.04484280193877,1446.17475014851
"653",16.7608077301903,3.15355659868993,0.987638161721931,1446.17475014851
"654",16.7608077301903,2.95434060975781,0.936828154910912,1446.17475014851
"655",16.7608077301903,3.16773713311272,1.07223152355896,1446.17475014851
"656",16.7608077301903,2.94277006452696,0.92898177496038,1446.17475014851
"657",16.7608077301903,2.95440473826537,1.00395364689843,1446.17475014851
"658",16.7608077301903,2.70891385463429,0.916906820365034,1446.17475014851
"659",16.7608077301903,2.69685216382005,0.995547407019382,1446.17475014851
"660",16.7608077301903,2.44490253226781,0.906576402321083,1446.17475014851
"661",16.7608077301903,2.71769606842771,1.11157644632437,1446.17475014851
"662",16.7608077301903,3.01183228327445,1.10822998872604,1446.17475014851
"663",16.7608077301903,2.82458874185395,0.937830687830688,1446.17475014851
"664",16.7608077301903,2.57692263919492,0.912317818523742,1446.17475014851
"665",16.7608077301903,2.6459769948961,1.02679721721206,1446.17475014851
"666",16.7608077301903,2.64459456177442,0.999477533960293,1446.17475014851
"667",16.7608077301903,2.64874186113946,1.00156821745949,1446.17475014851
"668",16.7608077301903,2.42939580583285,0.917188587334725,1446.17475014851
"669",16.7608077301903,2.3683364406304,0.974866440019427,1446.17475014851
"670",16.7608077301903,2.15483848659684,0.909853198907532,1446.17475014851
"671",16.7608077301903,2.20839299033061,1.02485314053321,1446.17475014851
"672",16.7608077301903,2.2758390076873,1.03054076772205,1446.17475014851
"673",16.7608077301903,2.48869616338182,1.09352909189777,1446.17475014851
"674",16.7608077301903,2.54088376313819,1.02096985583224,1446.17475014851
"675",16.7608077301903,2.57078290883194,1.01176722293539,1446.17475014851
"676",16.7608077301903,2.66725057241651,1.03752462460099,1446.17475014851
"677",16.7608077301903,2.78856608973561,1.04548335974643,1446.17475014851
"678",16.7608077301903,2.92490757014232,1.0488930425241,1446.17475014851
"679",16.7608077301903,2.77732410151969,0.94954251883746,1446.17475014851
"680",16.7608077301903,2.80287689306286,1.00920050761421,1446.17475014851
"681",16.7608077301903,2.84517116872052,1.01508959446715,1446.17475014851
"682",16.7608077301903,2.76498827111954,0.971817900278724,1446.17475014851
"683",16.7608077301903,2.50248640184843,0.905062212374297,1446.17475014851
"684",16.7608077301903,2.51568218701825,1.00527306967985,1446.17475014851
"685",16.7608077301903,2.55224930359941,1.01453566621803,1446.17475014851
"686",16.7608077301903,2.49943013520441,0.97930485539931,1446.17475014851
"687",16.7608077301903,2.35829814430057,0.943534332520042,1446.17475014851
"688",16.7608077301903,2.33042022017142,0.988178795714813,1446.17475014851
"689",16.7608077301903,2.19305215405919,0.941054379410544,1446.17475014851
"690",16.7608077301903,2.33959501893829,1.06682142264964,1446.17475014851
"691",16.7608077301903,2.63680782994199,1.12703600776966,1446.17475014851
"692",16.7608077301903,2.71299978989065,1.0288955300737,1446.17475014851
"693",16.7608077301903,2.76292209230123,1.01840114496013,1446.17475014851
"694",16.7608077301903,2.81781458420125,1.01986754966887,1446.17475014851
"695",16.7608077301903,2.81586790745915,0.999309153713299,1446.17475014851
"696",16.7608077301903,2.63766486149969,0.936714699760097,1446.17475014851
"697",16.7608077301903,2.74039665558262,1.03894800874154,1446.17475014851
"698",16.7608077301903,2.83941205015203,1.03613177470776,1446.17475014851
"699",16.7608077301903,2.73311266443311,0.962562888428529,1446.17475014851
"700",16.7608077301903,2.69487849802828,0.986010760953113,1446.17475014851
"701",16.7608077301903,3.0933784244754,1.14787305874409,1446.17475014851
"702",16.7608077301903,3.34265505079809,1.08058394160584,1446.17475014851
"703",16.7608077301903,3.38096522606947,1.01146100171546,1446.17475014851
"704",16.7608077301903,3.38429732057611,1.00098554533509,1446.17475014851
"705",16.7608077301903,3.41117262282775,1.00794117647059,1446.17475014851
"706",16.7608077301903,3.54429149925041,1.03902437406182,1446.17475014851
"707",16.7608077301903,3.59768175358443,1.01506373117034,1446.17475014851
"708",16.7608077301903,3.79364158817301,1.05446836268754,1446.17475014851
"709",16.7608077301903,3.84163854202983,1.01265194740759,1446.17475014851
"710",16.7608077301903,3.85387483100111,1.00318517446069,1446.17475014851
"711",16.7608077301903,3.85250966102909,0.99964576691463,1446.17475014851
"712",16.7608077301903,3.880016966598,1.00714010034736,1446.17475014851
"713",16.7608077301903,3.81985464578127,0.984494315015977,1446.17475014851
"714",16.7608077301903,3.81544168985962,0.998844731977819,1446.17475014851
"715",16.7608077301903,3.83529999150705,1.00520471894518,1446.17475014851
"716",16.7608077301903,3.98085217334792,1.03795066413662,1446.17475014851
"717",16.7608077301903,4.11004818708741,1.03245436105477,1446.17475014851
"718",16.7608077301903,4.27467387764545,1.04005444293214,1446.17475014851
"719",16.7608077301903,4.27467387764545,1,1446.17475014851
"720",16.7608077301903,4.43676877008054,1.03791982665222,1446.17475014851
"721",16.7608077301903,4.49132788938789,1.0122970391595,1446.17475014851
"722",16.7608077301903,4.43270480213393,0.986947493325423,1446.17475014851
"723",16.7608077301903,4.58725657762162,1.03486624586715,1446.17475014851
"724",16.7608077301903,4.60538035131619,1.00395089600677,1446.17475014851
"725",16.7608077301903,4.53586517620198,0.984905660377358,1446.17475014851
"726",16.7608077301903,4.43271362603251,0.977258682486714,1446.17475014851
"727",16.7608077301903,4.25086239409053,0.958975190530242,1446.17475014851
"728",16.7608077301903,3.93963083902776,0.926783902603991,1446.17475014851
"729",16.7608077301903,3.93100548415304,0.997810618500274,1446.17475014851
"730",16.7608077301903,4.12953204082531,1.05050274223035,1446.17475014851
"731",16.7608077301903,3.76071585562715,0.910688140556369,1446.17475014851
"732",16.7608077301903,3.61107322310822,0.960209003215434,1446.17475014851
"733",16.7608077301903,3.5309615107496,0.977814985349519,1446.17475014851
"734",16.7608077301903,3.71990422857653,1.0535102739726,1446.17475014851
"735",16.7608077301903,3.69604628847299,0.993586410123072,1446.17475014851
"736",16.7608077301903,4.01660952643764,1.08673139158576,1446.17475014851
"737",16.7608077301903,4.25667215574003,1.05976747994105,1446.17475014851
"738",16.7608077301903,4.51407643788503,1.06047077922078,1446.17475014851
"739",16.7608077301903,4.66315185790378,1.03302456705598,1446.17475014851
"740",16.7608077301903,4.61145670574591,0.988914117804194,1446.17475014851
"741",16.7608077301903,4.45026344431984,0.965045045045045,1446.17475014851
"742",16.7608077301903,4.63954842365662,1.04253343239227,1446.17475014851
"743",16.7608077301903,4.67863528520922,1.00842471248997,1446.17475014851
"744",16.7608077301903,4.61783350057184,0.987004376077443,1446.17475014851
"745",16.7608077301903,4.61718692629285,0.999859983197984,1446.17475014851
"746",16.7608077301903,4.69671556260905,1.01722447836437,1446.17475014851
"747",16.7608077301903,4.71211968055792,1.003279763857,1446.17475014851
"748",16.7608077301903,4.74697585942473,1.00739713361073,1446.17475014851
"749",16.7608077301903,4.77090013927064,1.00503989920202,1446.17475014851
"750",16.7608077301903,4.96301692340234,1.04026845637584,1446.17475014851
"751",16.7608077301903,4.64687693518869,0.936300844205679,1446.17475014851
"752",16.7608077301903,4.45071778587539,0.957786885245902,1446.17475014851
"753",16.7608077301903,4.41042577249351,0.990947075208914,1446.17475014851
"754",16.7608077301903,4.54834843368533,1.03127196064652,1446.17475014851
"755",16.7608077301903,4.3204168806785,0.949886963074604,1446.17475014851
"756",16.7608077301903,4.32051699163229,1.00002317159583,1446.17475014851
"757",16.7608077301903,4.47137105276384,1.03491574305198,1446.17475014851
"758",16.7608077301903,4.4558154518845,0.996521066872826,1446.17475014851
"759",16.7608077301903,4.55680744601514,1.02266521026761,1446.17475014851
"760",16.7608077301903,4.67955258435291,1.0269366524243,1446.17475014851
"761",16.7608077301903,4.459853394435,0.953051240271876,1446.17475014851
"762",16.7608077301903,4.38795852255931,0.983879543671682,1446.17475014851
"763",16.7608077301903,4.79504089605963,1.09277261200338,1446.17475014851
"764",16.7608077301903,4.73457966264666,0.987390882638215,1446.17475014851
"765",16.7608077301903,4.55388980629265,0.961836135575127,1446.17475014851
"766",16.7608077301903,4.46417666083017,0.980299667036626,1446.17475014851
"767",16.7608077301903,4.65093405137901,1.04183467741935,1446.17475014851
"768",16.7608077301903,4.82142552429121,1.03665746945211,1446.17475014851
"769",16.7608077301903,4.99010513447049,1.03498542274052,1446.17475014851
"770",16.7608077301903,5.11672833280769,1.02537485582468,1446.17475014851
"771",16.7608077301903,5.25829566212149,1.02766754850088,1446.17475014851
"772",16.7608077301903,5.42697305124914,1.03207833867972,1446.17475014851
"773",16.7608077301903,5.52527600621937,1.01811377245509,1446.17475014851
"774",16.7608077301903,5.79189387548771,1.04825421734013,1446.17475014851
"775",16.7608077301903,5.79814929602501,1.00108003024085,1446.17475014851
"776",16.7608077301903,6.20215804372883,1.0696789142668,1446.17475014851
"777",16.7608077301903,6.22054471357953,1.00296456003234,1446.17475014851
"778",16.7608077301903,6.35274290772501,1.02125186783995,1446.17475014851
"779",16.7608077301903,6.2245206529223,0.979816237385148,1446.17475014851
"780",16.7608077301903,6.04175609570352,0.970637970791699,1446.17475014851
"781",16.7608077301903,5.9441540808537,0.983845422869813,1446.17475014851
"782",16.7608077301903,6.13651808740377,1.03236188092258,1446.17475014851
"783",16.7608077301903,6.30100659939637,1.02680486061472,1446.17475014851
"784",16.7608077301903,6.52491939130943,1.03553603513675,1446.17475014851
"785",16.7608077301903,6.58655830593719,1.00944669365722,1446.17475014851
"786",16.7608077301903,6.33484270188863,0.961783439490446,1446.17475014851
"787",16.7608077301903,6.14081192376787,0.969370860927152,1446.17475014851
"788",16.7608077301903,6.2614256507078,1.01964133219471,1446.17475014851
"789",16.7608077301903,6.32641539439804,1.01037938439513,1446.17475014851
"790",16.7608077301903,6.32641539439804,1,1446.17475014851
"791",16.7608077301903,6.37427415515375,1.00756490963241,1446.17475014851
"792",16.7608077301903,6.60414637007589,1.03606249265829,1446.17475014851
"793",16.7608077301903,6.68512364164358,1.01226158038147,1446.17475014851
"794",16.7608077301903,6.9902537663659,1.04564315352697,1446.17475014851
"795",16.7608077301903,7.13305147672736,1.02042811536379,1446.17475014851
"796",16.7608077301903,6.93522877745054,0.972266750082733,1446.17475014851
"797",16.7608077301903,7.1312196128095,1.02826018313862,1446.17475014851
"798",16.7608077301903,7.21800323377949,1.01216953420059,1446.17475014851
"799",16.7608077301903,7.24044727368552,1.00310945273632,1446.17475014851
"800",16.7608077301903,7.67370314828341,1.05983827493261,1446.17475014851
"801",16.7608077301903,7.75996667341074,1.01124144672532,1446.17475014851
"802",16.7608077301903,7.6800035359513,0.989695427722204,1446.17475014851
"803",16.7608077301903,8.01429354960708,1.04352732548767,1446.17475014851
"804",16.7608077301903,8.16739051940855,1.01910299003322,1446.17475014851
"805",16.7608077301903,8.16282773140888,0.999441340782123,1446.17475014851
"806",16.7608077301903,8.47309731538641,1.03801006148686,1446.17475014851
"807",16.7608077301903,8.51717780865456,1.00520240611283,1446.17475014851
"808",16.7608077301903,8.53095296280085,1.00161733786188,1446.17475014851
"809",16.7608077301903,8.11801354545956,0.951595159515952,1446.17475014851
"810",16.7608077301903,8.63418781713618,1.0635838150289,1446.17475014851
"811",16.7608077301903,8.72567391351368,1.01059579642175,1446.17475014851
"812",16.7608077301903,8.72392642819853,0.999799730618807,1446.17475014851
"813",16.7608077301903,8.39178828147895,0.961927906034832,1446.17475014851
"814",16.7608077301903,8.40678722495371,1.00178733578251,1446.17475014851
"815",16.7608077301903,8.42092646343874,1.00168188370975,1446.17475014851
"816",16.7608077301903,8.49566243828816,1.00887502998321,1446.17475014851
"817",16.7608077301903,8.67479578582416,1.02108527131783,1446.17475014851
"818",16.7608077301903,8.80782863950898,1.01533556027938,1446.17475014851
"819",16.7608077301903,8.65877498886153,0.983077140036666,1446.17475014851
"820",16.7608077301903,8.70994130796754,1.00590918682745,1446.17475014851
"821",16.7608077301903,8.71207510467378,1.00024498405107,1446.17475014851
"822",16.7608077301903,8.84333622222842,1.01506657323055,1446.17475014851
"823",16.7608077301903,8.90870937745714,1.00739236342325,1446.17475014851
"824",16.7608077301903,8.70484263942999,0.977116018786849,1446.17475014851
"825",16.7608077301903,8.90473161855764,1.02296296296296,1446.17475014851
"826",16.7608077301903,9.14446488722267,1.02692200943658,1446.17475014851
"827",16.7608077301903,9.3659410838224,1.02421970004053,1446.17475014851
"828",16.7608077301903,9.59491360376223,1.02444735856126,1446.17475014851
"829",16.7608077301903,9.59870506066572,1.00039515279241,1446.17475014851
"830",16.7608077301903,9.58807694686872,0.998892755457134,1446.17475014851
"831",16.7608077301903,9.49211941137163,0.989991993594876,1446.17475014851
"832",16.7608077301903,9.64399332195358,1.016,1446.17475014851
"833",16.7608077301903,9.87979224889293,1.02445034116755,1446.17475014851
"834",16.7608077301903,10.0404497265971,1.01626122024197,1446.17475014851
"835",16.7608077301903,10.0432719274009,1.00028108310691,1446.17475014851
"836",16.7608077301903,9.86265107595273,0.982015736230798,1446.17475014851
"837",16.7608077301903,10.0726654824256,1.02129391021294,1446.17475014851
"838",16.7608077301903,9.52701364890181,0.945828456779803,1446.17475014851
"839",16.7608077301903,9.73247514177189,1.0215662011667,1446.17475014851
"840",16.7608077301903,9.99856461614461,1.02734037030628,1446.17475014851
"841",16.7608077301903,9.93164991280346,0.99330756904515,1446.17475014851
"842",16.7608077301903,9.94649099157333,1.001494321578,1446.17475014851
"843",16.7608077301903,10.3679776286379,1.04237541032528,1446.17475014851
"844",16.7608077301903,10.0796578948048,0.972191323692992,1446.17475014851
"845",16.7608077301903,10.1757644727492,1.00953470633104,1446.17475014851
"846",16.7608077301903,10.554462070802,1.03721564105252,1446.17475014851
"847",16.7608077301903,10.6395163439001,1.00805860805861,1446.17475014851
"848",16.7608077301903,10.6395163439001,1,1446.17475014851
"849",16.7608077301903,10.5362498485384,0.990294061118585,1446.17475014851
"850",16.7608077301903,10.6073206738236,1.00674536256324,1446.17475014851
"851",16.7608077301903,10.1914839676006,0.960797196671047,1446.17475014851
"852",16.7608077301903,10.2022980327473,1.0010610883735,1446.17475014851
"853",16.7608077301903,9.9721129317662,0.977437916414294,1446.17475014851
"854",16.7608077301903,10.140404755496,1.01687624527333,1446.17475014851
"855",16.7608077301903,10.0815037055686,0.994191449814126,1446.17475014851
"856",16.7608077301903,10.0869384784557,1.00053908355795,1446.17475014851
"857",16.7608077301903,10.5217203094236,1.04310344827586,1446.17475014851
"858",16.7608077301903,10.5217203094236,1,1446.17475014851
"859",16.7608077301903,10.6185160630865,1.00919961287853,1446.17475014851
"860",16.7608077301903,10.5704902102458,0.995477159656264,1446.17475014851
"861",16.7608077301903,10.7017608746771,1.01241859760715,1446.17475014851
"862",16.7608077301903,10.7209712158134,1.00179506357517,1446.17475014851
"863",16.7608077301903,10.8378341243925,1.0109004031656,1446.17475014851
"864",16.7608077301903,10.9156015843968,1.00717555363108,1446.17475014851
"865",16.7608077301903,11.0748604344756,1.01459002042603,1446.17475014851
"866",16.7608077301903,11.1460725950534,1.0064300729566,1446.17475014851
"867",16.7608077301903,10.9343638647921,0.981005979599015,1446.17475014851
"868",16.7608077301903,10.9147612045827,0.998207242739333,1446.17475014851
"869",16.7608077301903,11.3271398912485,1.03778174152749,1446.17475014851
"870",16.7608077301903,11.4109701154288,1.00740082889284,1446.17475014851
"871",16.7608077301903,12.0476513133739,1.05579553635709,1446.17475014851
"872",16.7608077301903,11.8694576897222,0.985209264526615,1446.17475014851
"873",16.7608077301903,11.9712826175232,1.00857873463664,1446.17475014851
"874",16.7608077301903,11.9612395951931,0.999161073825503,1446.17475014851
"875",16.7608077301903,11.9208104898496,0.99661999034283,1446.17475014851
"876",16.7608077301903,11.9023714945056,0.998453209590101,1446.17475014851
"877",16.7608077301903,11.5242270577585,0.968229487970389,1446.17475014851
"878",16.7608077301903,11.6931070974708,1.01465434851864,1446.17475014851
"879",16.7608077301903,11.9721262935172,1.02386185243328,1446.17475014851
"880",16.7608077301903,11.9320778584543,0.996654860291224,1446.17475014851
"881",16.7608077301903,11.6360888971661,0.9751938459672,1446.17475014851
"882",16.7608077301903,11.8514873736058,1.0185112436269,1446.17475014851
"883",16.7608077301903,11.9316169075757,1.00676113735297,1446.17475014851
"884",16.7608077301903,12.1281205321428,1.01646915301499,1446.17475014851
"885",16.7608077301903,12.212631042108,1.00696814562002,1446.17475014851
"886",16.7608077301903,12.7113781961527,1.0408386327504,1446.17475014851
"887",16.7608077301903,12.720051352673,1.00068231441048,1446.17475014851
"888",16.7608077301903,12.6979640955925,0.998263587428373,1446.17475014851
"889",16.7608077301903,12.7856572177996,1.00690607734807,1446.17475014851
"890",16.7608077301903,13.2143707965132,1.03353082062272,1446.17475014851
"891",16.7608077301903,13.0930076359627,0.990815819956975,1446.17475014851
"892",16.7608077301903,13.1907967448204,1.00746880408052,1446.17475014851
"893",16.7608077301903,13.1470014804397,0.996679862086579,1446.17475014851
"894",16.7608077301903,13.3361139620377,1.01438445731366,1446.17475014851
"895",16.7608077301903,13.3052968298319,0.997689196995956,1446.17475014851
"896",16.7608077301903,13.5038476784171,1.01492269215219,1446.17475014851
"897",16.7608077301903,13.654179132781,1.01113249037933,1446.17475014851
"898",16.7608077301903,13.7639739910981,1.00804111746663,1446.17475014851
"899",16.7608077301903,13.8357576612158,1.00521533026465,1446.17475014851
"900",16.7608077301903,14.0737190951925,1.01719901719902,1446.17475014851
"901",16.7608077301903,14.0412690170054,0.997694278394535,1446.17475014851
"902",16.7608077301903,14.3844047219475,1.02443765620661,1446.17475014851
"903",16.7608077301903,14.415854636617,1.00218638972397,1446.17475014851
"904",16.7608077301903,14.5416542952949,1.00872647941096,1446.17475014851
"905",16.7608077301903,14.5200324789596,0.998513111651798,1446.17475014851
"906",16.7608077301903,14.3376399355319,0.987438558164937,1446.17475014851
"907",16.7608077301903,14.478282714673,1.00980933959657,1446.17475014851
"908",16.7608077301903,14.429444594507,0.996626801594603,1446.17475014851
"909",16.7608077301903,14.0564989496028,0.974153846153846,1446.17475014851
"910",16.7608077301903,13.9277439055287,0.990840176879343,1446.17475014851
"911",16.7608077301903,14.0621841324961,1.00965269234409,1446.17475014851
"912",16.7608077301903,13.9648140720301,0.993075751280986,1446.17475014851
"913",16.7608077301903,14.1731860014273,1.0149212104309,1446.17475014851
"914",16.7608077301903,13.832607000879,0.975970187612439,1446.17475014851
"915",16.7608077301903,13.4938492784085,0.975510204081633,1446.17475014851
"916",16.7608077301903,13.7069388135109,1.01579160480497,1446.17475014851
"917",16.7608077301903,14.4341643891865,1.0530552872213,1446.17475014851
"918",16.7608077301903,14.7070976736728,1.01890883858097,1446.17475014851
"919",16.7608077301903,15.0779772978366,1.02521773040426,1446.17475014851
"920",16.7608077301903,14.9854663759436,0.993864500518493,1446.17475014851
"921",16.7608077301903,15.1233117772043,1.00919860602284,1446.17475014851
"922",16.7608077301903,15.0223084105957,0.993321346005651,1446.17475014851
"923",16.7608077301903,15.5352882404062,1.03414786967419,1446.17475014851
"924",16.7608077301903,15.5396083984263,1.00027808676307,1446.17475014851
"925",16.7608077301903,15.4321450313704,0.993084551148225,1446.17475014851
"926",16.7608077301903,15.6267956584906,1.01261332282223,1446.17475014851
"927",16.7608077301903,15.5213599021338,0.993252886985857,1446.17475014851
"928",16.7608077301903,15.4924560661894,0.998137802607076,1446.17475014851
"929",16.7608077301903,15.160061952829,0.978544776119403,1446.17475014851
"930",16.7608077301903,14.8758408993759,0.98125198601843,1446.17475014851
"931",16.7608077301903,14.5049083380897,0.975064766839378,1446.17475014851
"932",16.7608077301903,14.4904564201175,0.999003653271338,1446.17475014851
"933",16.7608077301903,14.4348893556662,0.996165264720435,1446.17475014851
"934",16.7608077301903,14.9603619903472,1.03640295548748,1446.17475014851
"935",16.7608077301903,15.0048188310385,1.00297164204449,1446.17475014851
"936",16.7608077301903,15.413992218609,1.02726946537496,1446.17475014851
"937",16.7608077301903,15.2146993846476,0.987070654303252,1446.17475014851
"938",16.7608077301903,15.8923742094269,1.044540796216,1446.17475014851
"939",16.7608077301903,15.5623209832907,0.97923197492163,1446.17475014851
"940",16.7608077301903,15.7865080802889,1.01440576230492,1446.17475014851
"941",16.7608077301903,16.1310919516009,1.02182774490467,1446.17475014851
"942",16.7608077301903,16.1751343064048,1.0027302773387,1446.17475014851
"943",16.7608077301903,16.2561619046836,1.00500939261115,1446.17475014851
"944",16.7608077301903,16.0966259672096,0.990186125211506,1446.17475014851
"945",16.7608077301903,15.8550639852522,0.984993005214295,1446.17475014851
"946",16.7608077301903,15.2961960100458,0.964751452550032,1446.17475014851
"947",16.7608077301903,15.1979335089106,0.993576017130621,1446.17475014851
"948",16.7608077301903,15.5725592944885,1.02464978448276,1446.17475014851
"949",16.7608077301903,15.404917544737,0.989234797788769,1446.17475014851
"950",16.7608077301903,15.327744547403,0.994990366088632,1446.17475014851
"951",16.7608077301903,15.7444461228229,1.02718609865471,1446.17475014851
"952",16.7608077301903,15.4406206386854,0.980702688315145,1446.17475014851
"953",16.7608077301903,15.5831043140051,1.0092278463835,1446.17475014851
"954",16.7608077301903,14.3957156613464,0.923802816901409,1446.17475014851
"955",16.7608077301903,14.6195856106462,1.01555115109011,1446.17475014851
"956",16.7608077301903,14.705182944202,1.00585497673022,1446.17475014851
"957",16.7608077301903,15.1987834905808,1.03356643356643,1446.17475014851
"958",16.7608077301903,15.2057722403178,1.00045982296816,1446.17475014851
"959",16.7608077301903,15.0764803701829,0.991497184878777,1446.17475014851
"960",16.7608077301903,15.040120579249,0.997588310398638,1446.17475014851
"961",16.7608077301903,14.7395240556939,0.980013689253936,1446.17475014851
"962",16.7608077301903,13.598314984636,0.922574903589439,1446.17475014851
"963",16.7608077301903,13.0080344306406,0.956591639871383,1446.17475014851
"964",16.7608077301903,13.7644680294644,1.0581512605042,1446.17475014851
"965",16.7608077301903,13.6014872454772,0.98815931108719,1446.17475014851
"966",16.7608077301903,14.1631406988974,1.04129353233831,1446.17475014851
"967",16.7608077301903,14.085483791671,0.994516971279373,1446.17475014851
"968",16.7608077301903,14.3432879875252,1.01830282861897,1446.17475014851
"969",16.7608077301903,14.1198426658767,0.984421610871727,1446.17475014851
"970",16.7608077301903,13.965108626011,0.989041376485047,1446.17475014851
"971",16.7608077301903,14.1373958314782,1.01233697567853,1446.17475014851
"972",16.7608077301903,14.8100249039636,1.04757800379245,1446.17475014851
"973",16.7608077301903,14.9357129838168,1.00848668929784,1446.17475014851
"974",16.7608077301903,15.0776993507816,1.00950650076891,1446.17475014851
"975",16.7608077301903,15.0776993507816,1,1446.17475014851
"976",16.7608077301903,15.1118891452278,1.00226757369615,1446.17475014851
"977",16.7608077301903,15.2029779705486,1.00602762662202,1446.17475014851
"978",16.7608077301903,15.1580651848158,0.997045790251108,1446.17475014851
"979",16.7608077301903,15.2460911150412,1.00580720092915,1446.17475014851
"980",16.7608077301903,15.2460911150412,1,1446.17475014851
"981",16.7608077301903,15.9926134864317,1.04896483733158,1446.17475014851
"982",16.7608077301903,16.7715173957097,1.04870397886743,1446.17475014851
"983",16.7608077301903,16.7474917285399,0.998567472065705,1446.17475014851
"984",16.7608077301903,16.4420994990387,0.981764897427548,1446.17475014851
"985",16.7608077301903,16.5457147197623,1.00630182421227,1446.17475014851
"986",16.7608077301903,17.0092564966838,1.02801582069875,1446.17475014851
"987",16.7608077301903,16.8616090523787,0.991319582702875,1446.17475014851
"988",16.7608077301903,16.4566239599165,0.97598182408309,1446.17475014851
"989",16.7608077301903,16.5660793903117,1.00665114732291,1446.17475014851
"990",16.7608077301903,15.991438380737,0.965312190287413,1446.17475014851
"991",16.7608077301903,15.6056079885939,0.975872689938398,1446.17475014851
"992",16.7608077301903,15.5919260597945,0.999123268455199,1446.17475014851
"993",16.7608077301903,14.8147925039887,0.95015795015795,1446.17475014851
"994",16.7608077301903,14.6588185156756,0.989471739933506,1446.17475014851
"995",16.7608077301903,15.0227578217396,1.02482732872877,1446.17475014851
"996",16.7608077301903,15.0159043356802,0.999543793081095,1446.17475014851
"997",16.7608077301903,14.9358395287584,0.99466799966675,1446.17475014851
"998",16.7608077301903,14.7226711791478,0.985727728983689,1446.17475014851
"999",16.7608077301903,14.7592038619745,1.00248138957816,1446.17475014851
"1000",16.7608077301903,14.8746174836842,1.00781977285422,1446.17475014851
"1001",16.7608077301903,14.6900817784,0.987593919273109,1446.17475014851
"1002",16.7608077301903,14.9084057114123,1.01486199575372,1446.17475014851
"1003",16.7608077301903,15.1585705056832,1.01678011714421,1446.17475014851
"1004",16.7608077301903,14.3665696315819,0.947752271640363,1446.17475014851
"1005",16.7608077301903,14.0673859628425,0.979175010012014,1446.17475014851
"1006",16.7608077301903,13.4480119599095,0.955970924195223,1446.17475014851
"1007",16.7608077301903,14.283582548772,1.06213339126657,1446.17475014851
"1008",16.7608077301903,14.3680882878566,1.00591628457329,1446.17475014851
"1009",16.7608077301903,14.3989036933729,1.00214471159273,1446.17475014851
"1010",16.7608077301903,14.4303793648244,1.00218597694115,1446.17475014851
"1011",16.7608077301903,14.4153100463565,0.998955722639933,1446.17475014851
"1012",16.7608077301903,14.3701020909529,0.996863892954213,1446.17475014851
"1013",16.7608077301903,14.228450497355,0.990142617449664,1446.17475014851
"1014",16.7608077301903,14.4273655011308,1.0139800889642,1446.17475014851
"1015",16.7608077301903,14.3133854446241,0.992099731825759,1446.17475014851
"1016",16.7608077301903,14.7874333280149,1.03311920057102,1446.17475014851
"1017",16.7608077301903,14.6765266686238,0.992499938499737,1446.17475014851
"1018",16.7608077301903,14.623265079907,0.996370967741935,1446.17475014851
"1019",16.7608077301903,14.362875090625,0.982193443949818,1446.17475014851
"1020",16.7608077301903,14.9359269830353,1.03989813242784,1446.17475014851
"1021",16.7608077301903,14.7701731525133,0.988902340597256,1446.17475014851
"1022",16.7608077301903,14.9419543950543,1.01163027953479,1446.17475014851
"1023",16.7608077301903,15.0085540480013,1.00445722501797,1446.17475014851
"1024",16.7608077301903,14.9608799650937,0.996823539246009,1446.17475014851
"1025",16.7608077301903,15.3276748613914,1.02451693330563,1446.17475014851
"1026",16.7608077301903,15.6580943249694,1.02155705066593,1446.17475014851
"1027",16.7608077301903,15.6663181140056,1.00052521008403,1446.17475014851
"1028",16.7608077301903,15.9767534299419,1.01981546102136,1446.17475014851
"1029",16.7608077301903,16.1348533351047,1.00989562152637,1446.17475014851
"1030",16.7608077301903,16.1824889206575,1.00295234078448,1446.17475014851
"1031",16.7608077301903,16.1960990879583,1.00084104289319,1446.17475014851
"1032",16.7608077301903,16.5678640997381,1.02295398476885,1446.17475014851
"1033",16.7608077301903,16.67609059212,1.00653231410702,1446.17475014851
"1034",16.7608077301903,15.8027714462299,0.947630462843445,1446.17475014851
"1035",16.7608077301903,16.0303264349477,1.01439968865538,1446.17475014851
"1036",16.7608077301903,15.6643934125501,0.97717245348168,1446.17475014851
"1037",16.7608077301903,15.9965006933816,1.02120141342756,1446.17475014851
"1038",16.7608077301903,15.8581574038029,0.991351652950202,1446.17475014851
"1039",16.7608077301903,16.1871455014256,1.02074566983071,1446.17475014851
"1040",16.7608077301903,16.4588513141929,1.01678528266416,1446.17475014851
"1041",16.7608077301903,16.6859130391599,1.01379572125858,1446.17475014851
"1042",16.7608077301903,16.6078977360031,0.995324481017393,1446.17475014851
"1043",16.7608077301903,16.7608077301903,1.00920706501315,1446.17475014851
